UserID,Name,Email,Preferences,Gender,NumberOfAdults,NumberOfChildren,Age,Budget
1,Kavya,kavya@example.com,Beaches & Relaxation,Female,1,0,40,Low
2,Rohan,rohan@example.com,Nature & Adventure,Male,2,2,33,Low
3,Kavya,kavya@example.com,Cultural & Food,Female,2,0,42,Medium
4,Anika,anika@example.com,Cultural & Food,Female,1,0,53,Medium
5,Tanvi,tanvi@example.com,Beaches & Relaxation,Female,2,2,32,Low
6,Karan,karan@example.com,City & Historical,Male,2,0,32,High
7,Rohan,rohan@example.com,Spiritual & Wellness,Male,2,1,53,Low
8,Vivaan,vivaan@example.com,Spiritual & Wellness,Male,2,2,44,Medium
9,Riya,riya@example.com,Beaches & Relaxation,Female,2,0,29,Medium
10,Rohan,rohan@example.com,City & Historical,Male,2,2,41,High
11,Vivaan,vivaan@example.com,Nature & Adventure,Male,2,2,29,Medium
12,Anika,anika@example.com,Beaches & Relaxation,Female,1,1,29,High
13,Dhruv,dhruv@example.com,Beaches & Relaxation,Male,1,2,37,Low
14,Meera,meera@example.com,Spiritual & Wellness,Female,2,2,18,High
15,Karan,karan@example.com,Beaches & Relaxation,Male,1,2,18,Low
16,Anika,anika@example.com,Beaches & Relaxation,Female,1,2,28,High
17,Aanya,aanya@example.com,Beaches & Relaxation,Female,1,2,22,Medium
18,Vivaan,vivaan@example.com,Spiritual & Wellness,Male,1,0,38,High
19,Aanya,aanya@example.com,Nature & Adventure,Female,1,2,24,Medium
20,Meera,meera@example.com,Nature & Adventure,Female,2,0,18,Medium
21,Dhruv,dhruv@example.com,Beaches & Relaxation,Male,1,0,52,Medium
22,Arjun,arjun@example.com,Spiritual & Wellness,Male,2,1,32,Medium
23,Arjun,arjun@example.com,Nature & Adventure,Male,2,1,35,Low
24,Karan,karan@example.com,Nature & Adventure,Male,1,2,18,Low
25,Diya,diya@example.com,Nature & Adventure,Female,1,1,28,Low
26,Dhruv,dhruv@example.com,Spiritual & Wellness,Male,2,0,36,Low
27,Diya,diya@example.com,Spiritual & Wellness,Female,2,2,21,High
28,Riya,riya@example.com,Beaches & Relaxation,Female,2,1,39,Low
29,Diya,diya@example.com,Cultural & Food,Female,2,0,27,High
30,Riya,riya@example.com,Nature & Adventure,Female,1,1,31,Low
31,Ritvik,ritvik@example.com,Cultural & Food,Male,2,2,27,Low
32,Anika,anika@example.com,Spiritual & Wellness,Female,1,1,57,Medium
33,Ritvik,ritvik@example.com,Spiritual & Wellness,Male,2,2,34,Medium
34,Meera,meera@example.com,Spiritual & Wellness,Female,1,2,22,Medium
35,Rohan,rohan@example.com,Cultural & Food,Male,2,1,44,Medium
36,Arjun,arjun@example.com,Spiritual & Wellness,Male,2,2,20,Medium
37,Aarav,aarav@example.com,Beaches & Relaxation,Male,1,2,37,Low
38,Anika,anika@example.com,Spiritual & Wellness,Female,2,2,18,High
39,Vivaan,vivaan@example.com,City & Historical,Male,2,2,19,High
40,Aditya,aditya@example.com,Cultural & Food,Male,1,1,37,Medium
41,Vivaan,vivaan@example.com,City & Historical,Male,1,2,43,Low
42,Riya,riya@example.com,Spiritual & Wellness,Female,2,2,37,Medium
43,Riya,riya@example.com,Beaches & Relaxation,Female,1,2,33,Low
44,Arjun,arjun@example.com,Nature & Adventure,Male,2,2,31,Low
45,Tanvi,tanvi@example.com,Spiritual & Wellness,Female,2,0,18,Low
46,Anika,anika@example.com,Beaches & Relaxation,Female,2,1,26,Medium
47,Meera,meera@example.com,Cultural & Food,Female,2,1,29,High
48,Dhruv,dhruv@example.com,City & Historical,Male,2,0,47,Medium
49,Ishaan,ishaan@example.com,City & Historical,Male,1,1,39,Medium
50,Pooja,pooja@example.com,City & Historical,Female,2,0,18,Medium
51,Aarav,aarav@example.com,Cultural & Food,Male,1,1,38,Low
52,Diya,diya@example.com,Beaches & Relaxation,Female,2,1,30,Low
53,Dhruv,dhruv@example.com,Cultural & Food,Male,2,2,26,High
54,Dhruv,dhruv@example.com,City & Historical,Male,2,0,42,Low
55,Aanya,aanya@example.com,Spiritual & Wellness,Female,2,0,47,High
56,Aditya,aditya@example.com,Nature & Adventure,Male,1,1,46,Medium
57,Aarav,aarav@example.com,Cultural & Food,Male,2,0,24,Medium
58,Aarav,aarav@example.com,Cultural & Food,Male,1,2,31,Medium
59,Arjun,arjun@example.com,Beaches & Relaxation,Male,1,1,38,Medium
60,Hitesh,hitesh@example.com,Beaches & Relaxation,Male,2,1,46,High
61,Dhruv,dhruv@example.com,Cultural & Food,Male,2,2,29,High
62,Aarav,aarav@example.com,City & Historical,Male,1,0,32,Medium
63,Arjun,arjun@example.com,Nature & Adventure,Male,2,0,21,Low
64,Vivaan,vivaan@example.com,Beaches & Relaxation,Male,1,1,20,Medium
65,Pooja,pooja@example.com,City & Historical,Female,2,1,44,High
66,Aarav,aarav@example.com,Spiritual & Wellness,Male,1,2,51,Low
67,Tanvi,tanvi@example.com,Beaches & Relaxation,Female,1,0,34,Medium
68,Rohan,rohan@example.com,City & Historical,Male,1,0,47,Medium
69,Arjun,arjun@example.com,City & Historical,Male,1,0,39,Medium
70,Rohan,rohan@example.com,Nature & Adventure,Male,1,2,27,Low
71,Kavya,kavya@example.com,Nature & Adventure,Female,2,2,39,Medium
72,Aarav,aarav@example.com,Spiritual & Wellness,Male,2,1,53,High
73,Aanya,aanya@example.com,City & Historical,Female,1,1,34,Low
74,Hitesh,hitesh@example.com,City & Historical,Male,1,1,53,Low
75,Rohan,rohan@example.com,Nature & Adventure,Male,1,1,18,High
76,Anika,anika@example.com,Beaches & Relaxation,Female,2,0,44,Low
77,Arjun,arjun@example.com,Beaches & Relaxation,Male,2,0,36,High
78,Aditya,aditya@example.com,Cultural & Food,Male,1,0,31,Medium
79,Dhruv,dhruv@example.com,Nature & Adventure,Male,2,0,36,Low
80,Diya,diya@example.com,Cultural & Food,Female,1,2,18,High
81,Isha,isha@example.com,Nature & Adventure,Female,1,2,32,Medium
82,Ishaan,ishaan@example.com,Spiritual & Wellness,Male,2,0,39,Medium
83,Tanvi,tanvi@example.com,City & Historical,Female,1,1,52,Low
84,Meera,meera@example.com,Spiritual & Wellness,Female,2,0,28,Medium
85,Saanvi,saanvi@example.com,Nature & Adventure,Female,2,1,25,Low
86,Karan,karan@example.com,City & Historical,Male,2,2,28,Low
87,Ishaan,ishaan@example.com,Beaches & Relaxation,Male,2,2,45,High
88,Dhruv,dhruv@example.com,Beaches & Relaxation,Male,2,1,38,Low
89,Karan,karan@example.com,Cultural & Food,Male,2,0,28,Medium
90,Isha,isha@example.com,Nature & Adventure,Female,1,0,41,Low
91,Ishaan,ishaan@example.com,Nature & Adventure,Male,2,1,36,Medium
92,Tanvi,tanvi@example.com,Beaches & Relaxation,Female,2,0,46,Low
93,Meera,meera@example.com,Spiritual & Wellness,Female,1,0,26,High
94,Rohan,rohan@example.com,City & Historical,Male,1,2,31,Medium
95,Kavya,kavya@example.com,Spiritual & Wellness,Female,2,1,30,Low
96,Aarav,aarav@example.com,Spiritual & Wellness,Male,1,0,18,Low
97,Dhruv,dhruv@example.com,Beaches & Relaxation,Male,1,2,38,Low
98,Arjun,arjun@example.com,Beaches & Relaxation,Male,2,0,38,Medium
99,Ishaan,ishaan@example.com,Beaches & Relaxation,Male,2,0,35,Low
100,Tanvi,tanvi@example.com,Cultural & Food,Female,1,1,32,High
101,Aanya,aanya@example.com,Spiritual & Wellness,Female,2,0,18,Medium
102,Tanvi,tanvi@example.com,Nature & Adventure,Female,1,2,29,Low
103,Aanya,aanya@example.com,City & Historical,Female,1,0,30,Medium
104,Ishaan,ishaan@example.com,Cultural & Food,Male,2,1,25,Medium
105,Rohan,rohan@example.com,Nature & Adventure,Male,1,0,33,Low
106,Ishaan,ishaan@example.com,Spiritual & Wellness,Male,1,0,39,Low
107,Riya,riya@example.com,Beaches & Relaxation,Female,1,1,57,Low
108,Aarav,aarav@example.com,Spiritual & Wellness,Male,2,0,37,Medium
109,Meera,meera@example.com,City & Historical,Female,2,0,38,Medium
110,Anika,anika@example.com,Cultural & Food,Female,1,1,34,Medium
111,Hitesh,hitesh@example.com,Cultural & Food,Male,2,0,18,High
112,Karan,karan@example.com,City & Historical,Male,1,2,34,High
113,Aditya,aditya@example.com,Nature & Adventure,Male,1,0,35,Medium
114,Hitesh,hitesh@example.com,Nature & Adventure,Male,1,0,64,High
115,Meera,meera@example.com,Cultural & Food,Female,1,1,32,Low
116,Arjun,arjun@example.com,Cultural & Food,Male,1,1,38,Low
117,Aarav,aarav@example.com,Beaches & Relaxation,Male,2,1,34,Low
118,Arjun,arjun@example.com,Nature & Adventure,Male,1,1,20,Low
119,Ritvik,ritvik@example.com,City & Historical,Male,2,0,48,Medium
120,Rohan,rohan@example.com,Nature & Adventure,Male,1,2,44,High
121,Isha,isha@example.com,Beaches & Relaxation,Female,2,2,44,Low
122,Ishaan,ishaan@example.com,Cultural & Food,Male,2,2,24,Low
123,Diya,diya@example.com,Cultural & Food,Female,2,1,51,Medium
124,Rohan,rohan@example.com,Beaches & Relaxation,Male,2,0,18,High
125,Diya,diya@example.com,City & Historical,Female,2,0,42,Low
126,Isha,isha@example.com,Cultural & Food,Female,1,0,61,Medium
127,Diya,diya@example.com,Spiritual & Wellness,Female,2,2,23,Low
128,Rohan,rohan@example.com,Cultural & Food,Male,2,2,28,Low
129,Aarav,aarav@example.com,Spiritual & Wellness,Male,2,1,36,High
130,Arjun,arjun@example.com,Beaches & Relaxation,Male,2,2,28,High
131,Riya,riya@example.com,Beaches & Relaxation,Female,1,2,18,Low
132,Meera,meera@example.com,Cultural & Food,Female,2,2,35,High
133,Ritvik,ritvik@example.com,Nature & Adventure,Male,2,2,22,Medium
134,Anika,anika@example.com,Spiritual & Wellness,Female,1,0,40,High
135,Meera,meera@example.com,City & Historical,Female,1,2,23,Medium
136,Arjun,arjun@example.com,Cultural & Food,Male,2,2,53,Medium
137,Tanvi,tanvi@example.com,City & Historical,Female,1,2,25,Medium
138,Aanya,aanya@example.com,Cultural & Food,Female,1,2,31,Medium
139,Aditya,aditya@example.com,Nature & Adventure,Male,1,2,44,Low
140,Meera,meera@example.com,Nature & Adventure,Female,1,2,20,Low
141,Meera,meera@example.com,Nature & Adventure,Female,2,1,37,Low
142,Dhruv,dhruv@example.com,Nature & Adventure,Male,2,1,50,Medium
143,Aarav,aarav@example.com,Beaches & Relaxation,Male,1,0,18,Low
144,Isha,isha@example.com,Beaches & Relaxation,Female,1,1,37,Medium
145,Ritvik,ritvik@example.com,Spiritual & Wellness,Male,2,0,38,High
146,Meera,meera@example.com,City & Historical,Female,1,1,44,Low
147,Riya,riya@example.com,Cultural & Food,Female,2,1,20,Medium
148,Rohan,rohan@example.com,Cultural & Food,Male,2,1,19,Medium
149,Ishaan,ishaan@example.com,Beaches & Relaxation,Male,2,0,41,High
150,Aarav,aarav@example.com,Cultural & Food,Male,2,0,38,Low
151,Isha,isha@example.com,Beaches & Relaxation,Female,1,1,38,Medium
152,Rohan,rohan@example.com,Spiritual & Wellness,Male,1,1,39,High
153,Meera,meera@example.com,City & Historical,Female,1,0,26,High
154,Kavya,kavya@example.com,Spiritual & Wellness,Female,2,0,37,Medium
155,Vivaan,vivaan@example.com,Nature & Adventure,Male,1,1,38,Medium
156,Anika,anika@example.com,Nature & Adventure,Female,2,1,26,Medium
157,Meera,meera@example.com,Nature & Adventure,Female,2,1,57,High
158,Ishaan,ishaan@example.com,Spiritual & Wellness,Male,2,1,40,Medium
159,Ishaan,ishaan@example.com,Cultural & Food,Male,1,0,20,Low
160,Aanya,aanya@example.com,City & Historical,Female,2,2,42,High
161,Meera,meera@example.com,Nature & Adventure,Female,1,0,23,Medium
162,Aditya,aditya@example.com,Nature & Adventure,Male,1,0,44,Medium
163,Diya,diya@example.com,Nature & Adventure,Female,2,2,48,Low
164,Vivaan,vivaan@example.com,City & Historical,Male,1,2,25,Medium
165,Arjun,arjun@example.com,Nature & Adventure,Male,2,0,46,Low
166,Hitesh,hitesh@example.com,City & Historical,Male,2,0,39,Medium
167,Vivaan,vivaan@example.com,Nature & Adventure,Male,1,2,44,Low
168,Riya,riya@example.com,Spiritual & Wellness,Female,1,2,57,Medium
169,Anika,anika@example.com,Spiritual & Wellness,Female,2,2,32,High
170,Tanvi,tanvi@example.com,City & Historical,Female,1,0,25,Low
171,Hitesh,hitesh@example.com,Spiritual & Wellness,Male,2,1,24,High
172,Dhruv,dhruv@example.com,City & Historical,Male,1,2,25,Medium
173,Rohan,rohan@example.com,Spiritual & Wellness,Male,2,1,34,High
174,Hitesh,hitesh@example.com,Spiritual & Wellness,Male,1,1,39,Medium
175,Dhruv,dhruv@example.com,City & Historical,Male,2,0,38,Medium
176,Vivaan,vivaan@example.com,Cultural & Food,Male,1,0,44,Medium
177,Karan,karan@example.com,Spiritual & Wellness,Male,2,1,35,High
178,Pooja,pooja@example.com,Nature & Adventure,Female,1,0,52,Medium
179,Ishaan,ishaan@example.com,Cultural & Food,Male,1,2,31,Low
180,Saanvi,saanvi@example.com,City & Historical,Female,1,2,67,Medium
181,Aarav,aarav@example.com,Cultural & Food,Male,2,1,42,High
182,Ritvik,ritvik@example.com,Beaches & Relaxation,Male,1,1,24,Medium
183,Vivaan,vivaan@example.com,Beaches & Relaxation,Male,2,2,22,Medium
184,Ishaan,ishaan@example.com,Spiritual & Wellness,Male,1,2,40,Medium
185,Meera,meera@example.com,Spiritual & Wellness,Female,2,1,32,High
186,Vivaan,vivaan@example.com,Nature & Adventure,Male,1,2,43,Low
187,Isha,isha@example.com,Cultural & Food,Female,1,0,40,Medium
188,Kavya,kavya@example.com,Beaches & Relaxation,Female,1,0,34,Low
189,Meera,meera@example.com,Spiritual & Wellness,Female,1,1,24,Low
190,Anika,anika@example.com,Cultural & Food,Female,1,0,18,Low
191,Karan,karan@example.com,Spiritual & Wellness,Male,2,1,29,Low
192,Aarav,aarav@example.com,Spiritual & Wellness,Male,1,0,45,Medium
193,Meera,meera@example.com,Beaches & Relaxation,Female,1,0,37,Low
194,Aanya,aanya@example.com,Beaches & Relaxation,Female,2,1,20,Medium
195,Rohan,rohan@example.com,Spiritual & Wellness,Male,1,2,37,Low
196,Hitesh,hitesh@example.com,City & Historical,Male,1,1,39,Low
197,Anika,anika@example.com,Spiritual & Wellness,Female,1,1,24,Low
198,Vivaan,vivaan@example.com,Spiritual & Wellness,Male,2,2,36,Low
199,Vivaan,vivaan@example.com,Nature & Adventure,Male,1,0,35,Medium
200,Aditya,aditya@example.com,Nature & Adventure,Male,1,1,21,Medium
201,Rohan,rohan@example.com,Nature & Adventure,Male,2,1,39,Medium
202,Ishaan,ishaan@example.com,City & Historical,Male,1,1,41,Medium
203,Isha,isha@example.com,City & Historical,Female,2,0,47,Low
204,Ishaan,ishaan@example.com,Spiritual & Wellness,Male,1,0,47,High
205,Riya,riya@example.com,Nature & Adventure,Female,1,2,18,Medium
206,Riya,riya@example.com,City & Historical,Female,2,1,23,Medium
207,Ritvik,ritvik@example.com,Beaches & Relaxation,Male,2,2,41,Low
208,Karan,karan@example.com,Spiritual & Wellness,Male,1,2,41,Low
209,Hitesh,hitesh@example.com,Cultural & Food,Male,1,1,41,Low
210,Rohan,rohan@example.com,Spiritual & Wellness,Male,1,1,75,Low
211,Anika,anika@example.com,Cultural & Food,Female,2,2,41,Medium
212,Tanvi,tanvi@example.com,Nature & Adventure,Female,2,0,48,Medium
213,Aarav,aarav@example.com,Cultural & Food,Male,1,2,46,Medium
214,Aditya,aditya@example.com,Nature & Adventure,Male,1,0,42,Medium
215,Riya,riya@example.com,Beaches & Relaxation,Female,1,0,31,High
216,Meera,meera@example.com,Cultural & Food,Female,1,2,44,Medium
217,Ishaan,ishaan@example.com,Spiritual & Wellness,Male,1,1,25,High
218,Saanvi,saanvi@example.com,Nature & Adventure,Female,2,2,32,Low
219,Kavya,kavya@example.com,Spiritual & Wellness,Female,1,2,29,Low
220,Aanya,aanya@example.com,City & Historical,Female,2,0,35,Low
221,Aditya,aditya@example.com,Nature & Adventure,Male,1,2,62,Medium
222,Rohan,rohan@example.com,Cultural & Food,Male,1,1,18,High
223,Aanya,aanya@example.com,Nature & Adventure,Female,1,2,43,Low
224,Ishaan,ishaan@example.com,Spiritual & Wellness,Male,2,2,18,High
225,Isha,isha@example.com,Beaches & Relaxation,Female,2,0,29,Low
226,Tanvi,tanvi@example.com,Nature & Adventure,Female,2,1,48,High
227,Aditya,aditya@example.com,Cultural & Food,Male,1,1,35,Low
228,Kavya,kavya@example.com,City & Historical,Female,1,0,22,Low
229,Ritvik,ritvik@example.com,Beaches & Relaxation,Male,2,1,26,Medium
230,Kavya,kavya@example.com,City & Historical,Female,2,1,43,Low
231,Aanya,aanya@example.com,Nature & Adventure,Female,2,2,26,Low
232,Ishaan,ishaan@example.com,Spiritual & Wellness,Male,2,0,37,Low
233,Aarav,aarav@example.com,Spiritual & Wellness,Male,1,1,35,High
234,Ritvik,ritvik@example.com,Cultural & Food,Male,1,0,27,Medium
235,Dhruv,dhruv@example.com,Spiritual & Wellness,Male,1,2,60,Low
236,Karan,karan@example.com,Beaches & Relaxation,Male,2,1,42,Medium
237,Pooja,pooja@example.com,Spiritual & Wellness,Female,2,0,18,Medium
238,Anika,anika@example.com,Cultural & Food,Female,1,1,37,Low
239,Aarav,aarav@example.com,Nature & Adventure,Male,2,0,27,Medium
240,Tanvi,tanvi@example.com,Nature & Adventure,Female,1,2,45,Low
241,Diya,diya@example.com,Spiritual & Wellness,Female,1,2,25,Low
242,Isha,isha@example.com,City & Historical,Female,2,1,33,Medium
243,Saanvi,saanvi@example.com,Nature & Adventure,Female,1,1,41,Low
244,Karan,karan@example.com,Spiritual & Wellness,Male,2,0,45,Medium
245,Aarav,aarav@example.com,Cultural & Food,Male,2,1,20,Medium
246,Anika,anika@example.com,Spiritual & Wellness,Female,2,2,30,Low
247,Pooja,pooja@example.com,Nature & Adventure,Female,2,2,29,Medium
248,Meera,meera@example.com,Cultural & Food,Female,1,2,27,Low
249,Aarav,aarav@example.com,Spiritual & Wellness,Male,1,1,56,High
250,Ishaan,ishaan@example.com,Beaches & Relaxation,Male,1,0,39,Medium
251,Aanya,aanya@example.com,Cultural & Food,Female,2,2,19,High
252,Arjun,arjun@example.com,Beaches & Relaxation,Male,2,2,46,Medium
253,Karan,karan@example.com,City & Historical,Male,2,1,60,Low
254,Riya,riya@example.com,Cultural & Food,Female,1,1,47,Medium
255,Diya,diya@example.com,Beaches & Relaxation,Female,2,1,18,High
256,Hitesh,hitesh@example.com,Nature & Adventure,Male,2,1,29,Medium
257,Diya,diya@example.com,Nature & Adventure,Female,2,0,50,High
258,Hitesh,hitesh@example.com,City & Historical,Male,2,1,26,High
259,Vivaan,vivaan@example.com,Cultural & Food,Male,1,0,40,Low
260,Isha,isha@example.com,Cultural & Food,Female,1,0,44,Low
261,Ishaan,ishaan@example.com,Cultural & Food,Male,2,2,23,Medium
262,Kavya,kavya@example.com,City & Historical,Female,2,2,34,Medium
263,Ishaan,ishaan@example.com,Cultural & Food,Male,1,1,18,High
264,Saanvi,saanvi@example.com,Nature & Adventure,Female,1,2,22,High
265,Dhruv,dhruv@example.com,Beaches & Relaxation,Male,1,0,31,Low
266,Vivaan,vivaan@example.com,Nature & Adventure,Male,2,1,20,Low
267,Aanya,aanya@example.com,Nature & Adventure,Female,2,1,54,Medium
268,Meera,meera@example.com,Beaches & Relaxation,Female,1,1,18,Low
269,Aarav,aarav@example.com,Nature & Adventure,Male,2,1,29,High
270,Dhruv,dhruv@example.com,City & Historical,Male,2,2,36,Medium
271,Ritvik,ritvik@example.com,Beaches & Relaxation,Male,2,1,52,Medium
272,Arjun,arjun@example.com,Nature & Adventure,Male,2,0,18,Low
273,Arjun,arjun@example.com,Spiritual & Wellness,Male,2,1,48,Medium
274,Aarav,aarav@example.com,Nature & Adventure,Male,1,2,35,Medium
275,Meera,meera@example.com,City & Historical,Female,1,0,23,Medium
276,Ritvik,ritvik@example.com,Cultural & Food,Male,1,2,40,Low
277,Aditya,aditya@example.com,Nature & Adventure,Male,2,2,37,Medium
278,Ishaan,ishaan@example.com,Cultural & Food,Male,1,2,27,High
279,Ishaan,ishaan@example.com,Spiritual & Wellness,Male,2,2,35,Low
280,Saanvi,saanvi@example.com,Nature & Adventure,Female,1,1,30,Low
281,Aarav,aarav@example.com,Beaches & Relaxation,Male,2,2,36,Low
282,Dhruv,dhruv@example.com,Cultural & Food,Male,2,1,42,Medium
283,Anika,anika@example.com,Spiritual & Wellness,Female,1,1,54,Medium
284,Saanvi,saanvi@example.com,Beaches & Relaxation,Female,1,2,20,Medium
285,Isha,isha@example.com,Beaches & Relaxation,Female,1,0,60,Low
286,Vivaan,vivaan@example.com,Beaches & Relaxation,Male,2,2,18,Low
287,Isha,isha@example.com,Beaches & Relaxation,Female,1,2,33,Medium
288,Isha,isha@example.com,Nature & Adventure,Female,1,1,42,Medium
289,Arjun,arjun@example.com,Nature & Adventure,Male,2,1,38,High
290,Riya,riya@example.com,Nature & Adventure,Female,2,1,27,Low
291,Arjun,arjun@example.com,Spiritual & Wellness,Male,2,1,32,Medium
292,Rohan,rohan@example.com,Spiritual & Wellness,Male,2,2,29,Medium
293,Kavya,kavya@example.com,Spiritual & Wellness,Female,1,0,27,Medium
294,Aditya,aditya@example.com,City & Historical,Male,2,0,45,Medium
295,Hitesh,hitesh@example.com,Spiritual & Wellness,Male,1,0,39,Medium
296,Vivaan,vivaan@example.com,Nature & Adventure,Male,1,0,26,High
297,Hitesh,hitesh@example.com,Nature & Adventure,Male,1,1,45,Low
298,Riya,riya@example.com,City & Historical,Female,1,2,38,Low
299,Isha,isha@example.com,City & Historical,Female,2,1,44,Medium
300,Saanvi,saanvi@example.com,Spiritual & Wellness,Female,2,1,42,Medium
301,Diya,diya@example.com,Cultural & Food,Female,2,2,25,Low
302,Ishaan,ishaan@example.com,City & Historical,Male,1,2,28,Low
303,Riya,riya@example.com,Beaches & Relaxation,Female,2,2,43,Low
304,Hitesh,hitesh@example.com,Nature & Adventure,Male,1,1,42,High
305,Aanya,aanya@example.com,Beaches & Relaxation,Female,1,0,34,Low
306,Meera,meera@example.com,Nature & Adventure,Female,2,1,36,Low
307,Pooja,pooja@example.com,Nature & Adventure,Female,2,1,50,Low
308,Saanvi,saanvi@example.com,City & Historical,Female,2,2,27,Low
309,Diya,diya@example.com,City & Historical,Female,2,1,41,Low
310,Vivaan,vivaan@example.com,Beaches & Relaxation,Male,2,0,32,Medium
311,Diya,diya@example.com,Nature & Adventure,Female,2,0,32,Low
312,Ishaan,ishaan@example.com,Beaches & Relaxation,Male,1,1,48,High
313,Isha,isha@example.com,Cultural & Food,Female,1,2,44,Low
314,Kavya,kavya@example.com,Beaches & Relaxation,Female,2,1,44,Medium
315,Arjun,arjun@example.com,Spiritual & Wellness,Male,2,0,50,High
316,Meera,meera@example.com,Beaches & Relaxation,Female,2,0,35,Medium
317,Dhruv,dhruv@example.com,Spiritual & Wellness,Male,2,1,43,Medium
318,Diya,diya@example.com,Spiritual & Wellness,Female,2,0,31,Low
319,Pooja,pooja@example.com,Spiritual & Wellness,Female,2,1,38,Low
320,Aanya,aanya@example.com,Cultural & Food,Female,2,0,33,Medium
321,Tanvi,tanvi@example.com,Beaches & Relaxation,Female,2,2,36,High
322,Aanya,aanya@example.com,Beaches & Relaxation,Female,2,0,42,Medium
323,Rohan,rohan@example.com,Cultural & Food,Male,2,1,25,Medium
324,Rohan,rohan@example.com,Nature & Adventure,Male,1,1,60,Medium
325,Hitesh,hitesh@example.com,City & Historical,Male,1,2,22,Medium
326,Diya,diya@example.com,Beaches & Relaxation,Female,1,0,20,Low
327,Pooja,pooja@example.com,City & Historical,Female,1,1,48,Medium
328,Saanvi,saanvi@example.com,Cultural & Food,Female,2,0,44,High
329,Vivaan,vivaan@example.com,Nature & Adventure,Male,2,2,42,Low
330,Aanya,aanya@example.com,Nature & Adventure,Female,2,1,42,Medium
331,Rohan,rohan@example.com,Nature & Adventure,Male,1,2,34,Low
332,Riya,riya@example.com,Cultural & Food,Female,2,1,24,Medium
333,Anika,anika@example.com,Spiritual & Wellness,Female,2,0,35,Low
334,Rohan,rohan@example.com,Spiritual & Wellness,Male,2,1,26,Medium
335,Saanvi,saanvi@example.com,City & Historical,Female,2,2,46,Medium
336,Ritvik,ritvik@example.com,Spiritual & Wellness,Male,2,1,33,Low
337,Aarav,aarav@example.com,Spiritual & Wellness,Male,2,2,25,Medium
338,Rohan,rohan@example.com,Nature & Adventure,Male,2,1,31,Medium
339,Riya,riya@example.com,Nature & Adventure,Female,1,2,39,High
340,Diya,diya@example.com,City & Historical,Female,1,0,28,Low
341,Aditya,aditya@example.com,Beaches & Relaxation,Male,1,1,25,Low
342,Hitesh,hitesh@example.com,City & Historical,Male,1,0,37,Low
343,Saanvi,saanvi@example.com,City & Historical,Female,2,1,37,High
344,Ritvik,ritvik@example.com,Cultural & Food,Male,2,1,28,High
345,Karan,karan@example.com,Cultural & Food,Male,1,0,29,Medium
346,Hitesh,hitesh@example.com,City & Historical,Male,2,2,37,High
347,Saanvi,saanvi@example.com,City & Historical,Female,1,0,18,Medium
348,Anika,anika@example.com,City & Historical,Female,1,0,18,Medium
349,Tanvi,tanvi@example.com,Spiritual & Wellness,Female,2,1,26,Low
350,Aditya,aditya@example.com,Cultural & Food,Male,1,2,32,Medium
351,Vivaan,vivaan@example.com,City & Historical,Male,2,2,38,Low
352,Kavya,kavya@example.com,Nature & Adventure,Female,1,0,52,High
353,Isha,isha@example.com,Nature & Adventure,Female,2,0,45,Medium
354,Meera,meera@example.com,Spiritual & Wellness,Female,1,2,33,Medium
355,Kavya,kavya@example.com,Spiritual & Wellness,Female,1,0,34,Low
356,Ishaan,ishaan@example.com,Beaches & Relaxation,Male,1,1,22,Low
357,Riya,riya@example.com,Beaches & Relaxation,Female,1,1,34,Low
358,Anika,anika@example.com,Beaches & Relaxation,Female,2,0,31,Low
359,Ishaan,ishaan@example.com,Spiritual & Wellness,Male,2,1,38,Low
360,Isha,isha@example.com,Spiritual & Wellness,Female,2,2,25,High
361,Aanya,aanya@example.com,Spiritual & Wellness,Female,1,0,41,Medium
362,Aarav,aarav@example.com,Nature & Adventure,Male,2,1,53,Low
363,Anika,anika@example.com,Spiritual & Wellness,Female,1,0,33,Low
364,Aanya,aanya@example.com,Nature & Adventure,Female,2,2,39,Medium
365,Vivaan,vivaan@example.com,Beaches & Relaxation,Male,1,1,43,Medium
366,Aanya,aanya@example.com,Beaches & Relaxation,Female,1,2,30,Medium
367,Aanya,aanya@example.com,Beaches & Relaxation,Female,1,0,37,High
368,Ritvik,ritvik@example.com,City & Historical,Male,1,0,35,Medium
369,Rohan,rohan@example.com,City & Historical,Male,2,1,36,High
370,Pooja,pooja@example.com,Cultural & Food,Female,2,2,25,High
371,Ritvik,ritvik@example.com,Cultural & Food,Male,2,0,35,Low
372,Pooja,pooja@example.com,Cultural & Food,Female,1,2,40,High
373,Hitesh,hitesh@example.com,City & Historical,Male,2,2,52,Low
374,Meera,meera@example.com,City & Historical,Female,1,1,46,High
375,Isha,isha@example.com,Cultural & Food,Female,1,2,60,Low
376,Kavya,kavya@example.com,Cultural & Food,Female,2,0,25,High
377,Isha,isha@example.com,Spiritual & Wellness,Female,2,0,45,High
378,Isha,isha@example.com,Cultural & Food,Female,2,1,37,High
379,Isha,isha@example.com,Spiritual & Wellness,Female,1,2,61,Medium
380,Aditya,aditya@example.com,Nature & Adventure,Male,2,0,25,Low
381,Meera,meera@example.com,City & Historical,Female,2,0,24,Low
382,Kavya,kavya@example.com,Cultural & Food,Female,1,1,27,Medium
383,Kavya,kavya@example.com,City & Historical,Female,2,2,18,Low
384,Arjun,arjun@example.com,City & Historical,Male,1,2,28,Medium
385,Pooja,pooja@example.com,City & Historical,Female,2,2,25,Low
386,Hitesh,hitesh@example.com,Nature & Adventure,Male,2,0,36,High
387,Arjun,arjun@example.com,Beaches & Relaxation,Male,1,0,39,Medium
388,Aditya,aditya@example.com,Cultural & Food,Male,1,1,57,High
389,Aanya,aanya@example.com,Beaches & Relaxation,Female,2,0,46,Low
390,Arjun,arjun@example.com,Beaches & Relaxation,Male,2,1,28,High
391,Tanvi,tanvi@example.com,Beaches & Relaxation,Female,1,1,24,High
392,Karan,karan@example.com,City & Historical,Male,2,2,40,Medium
393,Meera,meera@example.com,Spiritual & Wellness,Female,2,1,19,Medium
394,Anika,anika@example.com,City & Historical,Female,2,2,56,Medium
395,Karan,karan@example.com,City & Historical,Male,2,2,49,Low
396,Tanvi,tanvi@example.com,Beaches & Relaxation,Female,2,0,29,Medium
397,Anika,anika@example.com,City & Historical,Female,2,0,18,Low
398,Anika,anika@example.com,Beaches & Relaxation,Female,1,1,51,Low
399,Dhruv,dhruv@example.com,Spiritual & Wellness,Male,1,1,33,Low
400,Aanya,aanya@example.com,Cultural & Food,Female,2,1,49,Low
401,Aarav,aarav@example.com,Beaches & Relaxation,Male,1,1,18,Low
402,Dhruv,dhruv@example.com,Spiritual & Wellness,Male,2,0,27,Low
403,Rohan,rohan@example.com,Cultural & Food,Male,1,1,35,High
404,Aditya,aditya@example.com,Nature & Adventure,Male,1,2,35,Medium
405,Hitesh,hitesh@example.com,Beaches & Relaxation,Male,2,0,29,High
406,Ritvik,ritvik@example.com,Beaches & Relaxation,Male,2,2,42,Medium
407,Riya,riya@example.com,Nature & Adventure,Female,2,1,22,Low
408,Ishaan,ishaan@example.com,Nature & Adventure,Male,2,0,33,Medium
409,Dhruv,dhruv@example.com,Beaches & Relaxation,Male,2,2,36,Medium
410,Ritvik,ritvik@example.com,Nature & Adventure,Male,1,0,41,Low
411,Dhruv,dhruv@example.com,City & Historical,Male,2,2,43,Medium
412,Riya,riya@example.com,Cultural & Food,Female,2,0,21,Low
413,Meera,meera@example.com,Cultural & Food,Female,2,2,18,Medium
414,Aanya,aanya@example.com,Cultural & Food,Female,1,2,50,Medium
415,Arjun,arjun@example.com,City & Historical,Male,1,2,38,Low
416,Diya,diya@example.com,Nature & Adventure,Female,2,0,26,Low
417,Karan,karan@example.com,Spiritual & Wellness,Male,2,2,53,Medium
418,Pooja,pooja@example.com,Nature & Adventure,Female,1,2,36,Medium
419,Rohan,rohan@example.com,Beaches & Relaxation,Male,2,1,49,Low
420,Saanvi,saanvi@example.com,Cultural & Food,Female,2,2,35,High
421,Saanvi,saanvi@example.com,Nature & Adventure,Female,2,1,59,Low
422,Meera,meera@example.com,Spiritual & Wellness,Female,1,0,56,Medium
423,Aarav,aarav@example.com,Beaches & Relaxation,Male,1,2,32,High
424,Riya,riya@example.com,City & Historical,Female,1,0,46,Low
425,Aarav,aarav@example.com,City & Historical,Male,2,1,42,Low
426,Anika,anika@example.com,Spiritual & Wellness,Female,1,1,51,Low
427,Aanya,aanya@example.com,Beaches & Relaxation,Female,1,0,23,Low
428,Anika,anika@example.com,Cultural & Food,Female,1,2,43,Low
429,Anika,anika@example.com,Nature & Adventure,Female,1,0,47,Medium
430,Vivaan,vivaan@example.com,Beaches & Relaxation,Male,1,1,18,Low
431,Arjun,arjun@example.com,City & Historical,Male,1,1,20,Medium
432,Aditya,aditya@example.com,Spiritual & Wellness,Male,2,2,18,High
433,Pooja,pooja@example.com,Spiritual & Wellness,Female,2,1,31,High
434,Tanvi,tanvi@example.com,Nature & Adventure,Female,2,2,43,Medium
435,Hitesh,hitesh@example.com,Spiritual & Wellness,Male,1,2,53,Low
436,Aanya,aanya@example.com,Spiritual & Wellness,Female,1,2,35,Medium
437,Arjun,arjun@example.com,Beaches & Relaxation,Male,2,1,54,Medium
438,Pooja,pooja@example.com,Cultural & Food,Female,2,0,18,Medium
439,Rohan,rohan@example.com,Nature & Adventure,Male,2,0,18,Low
440,Meera,meera@example.com,Beaches & Relaxation,Female,1,1,34,High
441,Diya,diya@example.com,Cultural & Food,Female,2,0,39,Medium
442,Tanvi,tanvi@example.com,Beaches & Relaxation,Female,1,0,34,Low
443,Rohan,rohan@example.com,Beaches & Relaxation,Male,2,1,18,Low
444,Riya,riya@example.com,Spiritual & Wellness,Female,1,0,33,Medium
445,Riya,riya@example.com,Cultural & Food,Female,2,1,19,High
446,Saanvi,saanvi@example.com,Nature & Adventure,Female,2,2,43,Medium
447,Aarav,aarav@example.com,Nature & Adventure,Male,2,2,39,Medium
448,Ritvik,ritvik@example.com,Cultural & Food,Male,1,0,23,Low
449,Aditya,aditya@example.com,Spiritual & Wellness,Male,2,1,28,Medium
450,Pooja,pooja@example.com,City & Historical,Female,1,2,22,Medium
451,Rohan,rohan@example.com,Beaches & Relaxation,Male,1,1,34,Low
452,Karan,karan@example.com,Spiritual & Wellness,Male,2,1,46,Low
453,Aanya,aanya@example.com,Cultural & Food,Female,1,1,23,Medium
454,Hitesh,hitesh@example.com,Beaches & Relaxation,Male,2,0,41,Low
455,Diya,diya@example.com,Nature & Adventure,Female,1,2,28,Medium
456,Pooja,pooja@example.com,City & Historical,Female,1,0,25,Low
457,Pooja,pooja@example.com,Nature & Adventure,Female,2,1,33,Low
458,Vivaan,vivaan@example.com,Cultural & Food,Male,1,2,22,Low
459,Meera,meera@example.com,Beaches & Relaxation,Female,1,0,28,High
460,Dhruv,dhruv@example.com,Cultural & Food,Male,1,2,20,High
461,Saanvi,saanvi@example.com,Beaches & Relaxation,Female,1,0,58,High
462,Aditya,aditya@example.com,Spiritual & Wellness,Male,1,1,35,Medium
463,Karan,karan@example.com,City & Historical,Male,1,2,26,Low
464,Meera,meera@example.com,Spiritual & Wellness,Female,1,1,37,Medium
465,Aditya,aditya@example.com,Spiritual & Wellness,Male,1,1,33,Medium
466,Isha,isha@example.com,Cultural & Food,Female,1,2,32,High
467,Karan,karan@example.com,City & Historical,Male,2,2,42,Low
468,Aditya,aditya@example.com,Beaches & Relaxation,Male,1,0,44,Medium
469,Ishaan,ishaan@example.com,Beaches & Relaxation,Male,2,0,28,Low
470,Arjun,arjun@example.com,Nature & Adventure,Male,2,1,28,Low
471,Arjun,arjun@example.com,Beaches & Relaxation,Male,1,0,31,Medium
472,Meera,meera@example.com,Cultural & Food,Female,2,2,18,Medium
473,Ishaan,ishaan@example.com,Spiritual & Wellness,Male,2,2,18,Low
474,Ritvik,ritvik@example.com,Spiritual & Wellness,Male,2,2,51,Low
475,Karan,karan@example.com,Spiritual & Wellness,Male,1,1,54,Medium
476,Anika,anika@example.com,City & Historical,Female,1,0,32,Medium
477,Saanvi,saanvi@example.com,Beaches & Relaxation,Female,2,0,41,High
478,Arjun,arjun@example.com,Cultural & Food,Male,2,0,38,High
479,Ishaan,ishaan@example.com,City & Historical,Male,2,0,71,Medium
480,Riya,riya@example.com,Nature & Adventure,Female,2,0,48,Low
481,Diya,diya@example.com,Cultural & Food,Female,1,0,33,Medium
482,Isha,isha@example.com,Cultural & Food,Female,2,0,23,Medium
483,Pooja,pooja@example.com,Cultural & Food,Female,1,1,18,Low
484,Saanvi,saanvi@example.com,Spiritual & Wellness,Female,2,0,37,High
485,Aanya,aanya@example.com,Cultural & Food,Female,1,0,25,Low
486,Aarav,aarav@example.com,Beaches & Relaxation,Male,1,0,18,High
487,Pooja,pooja@example.com,Cultural & Food,Female,1,1,27,Medium
488,Anika,anika@example.com,Spiritual & Wellness,Female,1,0,22,Medium
489,Rohan,rohan@example.com,Cultural & Food,Male,2,1,55,Medium
490,Isha,isha@example.com,Nature & Adventure,Female,2,1,45,High
491,Aanya,aanya@example.com,Nature & Adventure,Female,2,1,34,Medium
492,Tanvi,tanvi@example.com,Spiritual & Wellness,Female,2,2,52,Medium
493,Aditya,aditya@example.com,Beaches & Relaxation,Male,2,0,35,Low
494,Aanya,aanya@example.com,Beaches & Relaxation,Female,1,2,24,Medium
495,Aanya,aanya@example.com,City & Historical,Female,2,0,53,Low
496,Arjun,arjun@example.com,Spiritual & Wellness,Male,1,1,41,Medium
497,Aarav,aarav@example.com,Cultural & Food,Male,2,1,22,Medium
498,Dhruv,dhruv@example.com,Spiritual & Wellness,Male,1,0,32,Medium
499,Aarav,aarav@example.com,City & Historical,Male,2,0,24,Low
500,Kavya,kavya@example.com,Spiritual & Wellness,Female,1,1,18,Low
501,Arjun,arjun@example.com,Spiritual & Wellness,Male,2,0,46,Medium
502,Kavya,kavya@example.com,City & Historical,Female,2,0,57,Low
503,Dhruv,dhruv@example.com,Beaches & Relaxation,Male,1,2,18,Low
504,Isha,isha@example.com,Cultural & Food,Female,1,1,41,Low
505,Kavya,kavya@example.com,City & Historical,Female,1,2,27,High
506,Aanya,aanya@example.com,Nature & Adventure,Female,2,1,29,Medium
507,Saanvi,saanvi@example.com,Beaches & Relaxation,Female,2,2,27,Low
508,Aanya,aanya@example.com,Nature & Adventure,Female,2,0,24,Low
509,Hitesh,hitesh@example.com,Beaches & Relaxation,Male,1,0,35,Low
510,Isha,isha@example.com,Cultural & Food,Female,1,1,25,Medium
511,Karan,karan@example.com,Cultural & Food,Male,2,1,38,Medium
512,Ritvik,ritvik@example.com,Spiritual & Wellness,Male,1,1,34,Low
513,Vivaan,vivaan@example.com,Nature & Adventure,Male,1,2,32,Low
514,Pooja,pooja@example.com,Beaches & Relaxation,Female,2,1,24,Low
515,Arjun,arjun@example.com,Cultural & Food,Male,1,0,28,Medium
516,Aditya,aditya@example.com,City & Historical,Male,1,1,44,Medium
517,Vivaan,vivaan@example.com,Cultural & Food,Male,1,0,41,Low
518,Tanvi,tanvi@example.com,City & Historical,Female,2,2,23,Low
519,Ritvik,ritvik@example.com,Beaches & Relaxation,Male,1,0,36,Low
520,Isha,isha@example.com,Cultural & Food,Female,2,0,44,High
521,Rohan,rohan@example.com,Cultural & Food,Male,1,2,18,Low
522,Kavya,kavya@example.com,Beaches & Relaxation,Female,2,0,41,Medium
523,Aarav,aarav@example.com,Cultural & Food,Male,1,2,27,Medium
524,Diya,diya@example.com,City & Historical,Female,2,2,41,Low
525,Saanvi,saanvi@example.com,Cultural & Food,Female,2,2,25,Low
526,Ishaan,ishaan@example.com,Nature & Adventure,Male,1,0,18,Low
527,Karan,karan@example.com,Spiritual & Wellness,Male,1,2,18,Medium
528,Isha,isha@example.com,City & Historical,Female,2,1,35,Medium
529,Meera,meera@example.com,Nature & Adventure,Female,1,0,38,Medium
530,Anika,anika@example.com,Beaches & Relaxation,Female,2,0,24,Medium
531,Aanya,aanya@example.com,City & Historical,Female,1,1,42,Low
532,Riya,riya@example.com,Spiritual & Wellness,Female,2,1,18,High
533,Riya,riya@example.com,Spiritual & Wellness,Female,1,1,34,Medium
534,Aanya,aanya@example.com,Beaches & Relaxation,Female,1,1,20,Low
535,Aanya,aanya@example.com,Beaches & Relaxation,Female,1,2,27,High
536,Kavya,kavya@example.com,City & Historical,Female,1,0,35,Medium
537,Hitesh,hitesh@example.com,Cultural & Food,Male,2,0,24,Medium
538,Anika,anika@example.com,Beaches & Relaxation,Female,2,1,30,Medium
539,Aarav,aarav@example.com,Cultural & Food,Male,1,2,47,High
540,Aanya,aanya@example.com,Nature & Adventure,Female,2,2,28,Medium
541,Tanvi,tanvi@example.com,Spiritual & Wellness,Female,1,1,45,Low
542,Pooja,pooja@example.com,Cultural & Food,Female,2,1,21,Low
543,Kavya,kavya@example.com,Spiritual & Wellness,Female,2,1,41,High
544,Pooja,pooja@example.com,Cultural & Food,Female,1,1,52,Low
545,Ritvik,ritvik@example.com,Nature & Adventure,Male,2,2,18,Low
546,Pooja,pooja@example.com,Beaches & Relaxation,Female,1,0,25,Medium
547,Isha,isha@example.com,Nature & Adventure,Female,1,2,41,Medium
548,Dhruv,dhruv@example.com,Beaches & Relaxation,Male,1,0,32,Medium
549,Ritvik,ritvik@example.com,Beaches & Relaxation,Male,1,0,39,High
550,Ritvik,ritvik@example.com,Spiritual & Wellness,Male,1,0,27,Low
551,Dhruv,dhruv@example.com,Nature & Adventure,Male,2,2,36,Low
552,Saanvi,saanvi@example.com,Cultural & Food,Female,2,1,33,Low
553,Meera,meera@example.com,Nature & Adventure,Female,1,1,49,High
554,Kavya,kavya@example.com,Spiritual & Wellness,Female,1,2,38,Medium
555,Isha,isha@example.com,Beaches & Relaxation,Female,1,2,39,Low
556,Aditya,aditya@example.com,Spiritual & Wellness,Male,1,0,30,High
557,Ishaan,ishaan@example.com,City & Historical,Male,2,2,29,High
558,Dhruv,dhruv@example.com,City & Historical,Male,2,0,29,High
559,Ishaan,ishaan@example.com,Cultural & Food,Male,1,2,39,High
560,Tanvi,tanvi@example.com,Spiritual & Wellness,Female,1,1,29,Low
561,Vivaan,vivaan@example.com,Cultural & Food,Male,2,1,38,Medium
562,Saanvi,saanvi@example.com,Cultural & Food,Female,1,1,59,Medium
563,Karan,karan@example.com,City & Historical,Male,2,2,45,High
564,Vivaan,vivaan@example.com,Cultural & Food,Male,2,0,31,Medium
565,Ritvik,ritvik@example.com,City & Historical,Male,2,1,49,Medium
566,Karan,karan@example.com,Beaches & Relaxation,Male,2,0,30,Medium
567,Kavya,kavya@example.com,Spiritual & Wellness,Female,2,1,18,Low
568,Saanvi,saanvi@example.com,Cultural & Food,Female,2,0,22,Medium
569,Aanya,aanya@example.com,City & Historical,Female,2,2,18,High
570,Saanvi,saanvi@example.com,Nature & Adventure,Female,2,2,30,High
571,Riya,riya@example.com,Cultural & Food,Female,2,0,35,Low
572,Meera,meera@example.com,Beaches & Relaxation,Female,2,2,55,Low
573,Hitesh,hitesh@example.com,Beaches & Relaxation,Male,2,0,38,Low
574,Aarav,aarav@example.com,Nature & Adventure,Male,1,2,32,Medium
575,Ritvik,ritvik@example.com,City & Historical,Male,1,2,44,High
576,Meera,meera@example.com,Cultural & Food,Female,2,0,18,Low
577,Aanya,aanya@example.com,City & Historical,Female,2,1,37,Medium
578,Tanvi,tanvi@example.com,Beaches & Relaxation,Female,2,1,44,High
579,Aarav,aarav@example.com,City & Historical,Male,2,1,18,Medium
580,Riya,riya@example.com,Beaches & Relaxation,Female,1,0,48,Medium
581,Arjun,arjun@example.com,City & Historical,Male,1,1,39,Medium
582,Anika,anika@example.com,Nature & Adventure,Female,2,2,30,Medium
583,Arjun,arjun@example.com,Spiritual & Wellness,Male,1,1,42,Low
584,Rohan,rohan@example.com,Nature & Adventure,Male,1,2,62,Medium
585,Hitesh,hitesh@example.com,Nature & Adventure,Male,2,1,37,Medium
586,Ritvik,ritvik@example.com,Spiritual & Wellness,Male,1,1,37,High
587,Pooja,pooja@example.com,Spiritual & Wellness,Female,2,0,29,Medium
588,Riya,riya@example.com,Cultural & Food,Female,1,2,24,Medium
589,Arjun,arjun@example.com,Cultural & Food,Male,2,2,44,Low
590,Ishaan,ishaan@example.com,Nature & Adventure,Male,1,2,24,Medium
591,Hitesh,hitesh@example.com,Nature & Adventure,Male,1,1,35,Low
592,Saanvi,saanvi@example.com,Beaches & Relaxation,Female,2,1,29,Low
593,Kavya,kavya@example.com,Beaches & Relaxation,Female,1,0,40,Medium
594,Tanvi,tanvi@example.com,Cultural & Food,Female,1,0,39,High
595,Diya,diya@example.com,Cultural & Food,Female,1,0,47,Low
596,Aanya,aanya@example.com,Beaches & Relaxation,Female,1,1,28,Medium
597,Aanya,aanya@example.com,Beaches & Relaxation,Female,1,0,31,High
598,Pooja,pooja@example.com,City & Historical,Female,2,2,23,Low
599,Kavya,kavya@example.com,City & Historical,Female,1,0,29,Medium
600,Kavya,kavya@example.com,Beaches & Relaxation,Female,2,1,39,Medium
601,Ritvik,ritvik@example.com,City & Historical,Male,1,0,44,Medium
602,Meera,meera@example.com,Spiritual & Wellness,Female,1,2,23,Low
603,Ritvik,ritvik@example.com,Cultural & Food,Male,2,2,45,Low
604,Meera,meera@example.com,Cultural & Food,Female,2,2,51,Medium
605,Hitesh,hitesh@example.com,Beaches & Relaxation,Male,2,1,39,Medium
606,Riya,riya@example.com,Nature & Adventure,Female,2,2,57,Low
607,Aarav,aarav@example.com,Beaches & Relaxation,Male,1,0,25,Medium
608,Ritvik,ritvik@example.com,City & Historical,Male,1,0,20,Low
609,Meera,meera@example.com,Nature & Adventure,Female,2,2,18,Medium
610,Vivaan,vivaan@example.com,City & Historical,Male,1,1,52,Low
611,Vivaan,vivaan@example.com,Spiritual & Wellness,Male,2,2,42,High
612,Aanya,aanya@example.com,City & Historical,Female,2,0,34,Low
613,Aanya,aanya@example.com,Spiritual & Wellness,Female,2,0,38,Low
614,Kavya,kavya@example.com,Spiritual & Wellness,Female,2,2,21,Low
615,Rohan,rohan@example.com,City & Historical,Male,1,1,64,Low
616,Isha,isha@example.com,City & Historical,Female,1,0,36,High
617,Hitesh,hitesh@example.com,Spiritual & Wellness,Male,2,1,36,High
618,Riya,riya@example.com,Nature & Adventure,Female,1,2,43,Low
619,Aditya,aditya@example.com,Spiritual & Wellness,Male,1,0,40,Medium
620,Aditya,aditya@example.com,Cultural & Food,Male,2,0,37,Medium
621,Aanya,aanya@example.com,Spiritual & Wellness,Female,2,0,25,High
622,Karan,karan@example.com,Nature & Adventure,Male,2,0,40,Medium
623,Isha,isha@example.com,Cultural & Food,Female,1,0,57,Low
624,Tanvi,tanvi@example.com,Beaches & Relaxation,Female,1,0,51,Medium
625,Vivaan,vivaan@example.com,Beaches & Relaxation,Male,1,2,54,Medium
626,Rohan,rohan@example.com,Nature & Adventure,Male,2,0,28,Low
627,Rohan,rohan@example.com,Spiritual & Wellness,Male,2,0,23,Medium
628,Saanvi,saanvi@example.com,City & Historical,Female,1,2,33,Low
629,Riya,riya@example.com,Nature & Adventure,Female,2,0,35,Medium
630,Isha,isha@example.com,Cultural & Food,Female,1,0,48,Low
631,Riya,riya@example.com,Cultural & Food,Female,1,2,18,Medium
632,Aarav,aarav@example.com,Beaches & Relaxation,Male,1,0,53,Medium
633,Karan,karan@example.com,Cultural & Food,Male,2,0,33,Medium
634,Dhruv,dhruv@example.com,Nature & Adventure,Male,2,2,29,Low
635,Arjun,arjun@example.com,Cultural & Food,Male,1,0,22,Medium
636,Tanvi,tanvi@example.com,Nature & Adventure,Female,2,2,18,Medium
637,Ishaan,ishaan@example.com,City & Historical,Male,1,0,44,Medium
638,Dhruv,dhruv@example.com,Beaches & Relaxation,Male,2,0,35,Medium
639,Ishaan,ishaan@example.com,Cultural & Food,Male,1,2,19,Medium
640,Karan,karan@example.com,Nature & Adventure,Male,1,1,19,High
641,Karan,karan@example.com,Spiritual & Wellness,Male,2,2,30,Low
642,Aanya,aanya@example.com,Beaches & Relaxation,Female,1,1,55,High
643,Vivaan,vivaan@example.com,City & Historical,Male,1,1,31,Medium
644,Tanvi,tanvi@example.com,Nature & Adventure,Female,1,0,18,Low
645,Tanvi,tanvi@example.com,City & Historical,Female,1,2,32,Low
646,Meera,meera@example.com,City & Historical,Female,1,1,31,Low
647,Riya,riya@example.com,Cultural & Food,Female,2,1,18,Medium
648,Diya,diya@example.com,Cultural & Food,Female,2,1,34,Medium
649,Dhruv,dhruv@example.com,Nature & Adventure,Male,2,1,32,Medium
650,Aditya,aditya@example.com,Spiritual & Wellness,Male,2,2,43,Medium
651,Aarav,aarav@example.com,Nature & Adventure,Male,2,0,57,Medium
652,Tanvi,tanvi@example.com,Spiritual & Wellness,Female,2,0,48,Low
653,Aarav,aarav@example.com,City & Historical,Male,2,1,31,Low
654,Aanya,aanya@example.com,Beaches & Relaxation,Female,2,0,21,Medium
655,Kavya,kavya@example.com,Nature & Adventure,Female,1,1,65,Low
656,Ritvik,ritvik@example.com,Nature & Adventure,Male,1,0,35,Low
657,Dhruv,dhruv@example.com,Spiritual & Wellness,Male,1,0,35,Medium
658,Hitesh,hitesh@example.com,City & Historical,Male,1,2,34,Medium
659,Ishaan,ishaan@example.com,City & Historical,Male,2,1,37,High
660,Tanvi,tanvi@example.com,Spiritual & Wellness,Female,2,2,33,High
661,Saanvi,saanvi@example.com,City & Historical,Female,2,0,28,Medium
662,Kavya,kavya@example.com,Cultural & Food,Female,2,1,28,Medium
663,Aarav,aarav@example.com,Beaches & Relaxation,Male,1,1,34,Medium
664,Saanvi,saanvi@example.com,Nature & Adventure,Female,2,1,28,Medium
665,Hitesh,hitesh@example.com,Beaches & Relaxation,Male,1,1,26,Low
666,Dhruv,dhruv@example.com,Nature & Adventure,Male,1,1,36,Medium
667,Vivaan,vivaan@example.com,Cultural & Food,Male,2,1,31,High
668,Dhruv,dhruv@example.com,City & Historical,Male,2,0,53,Low
669,Aditya,aditya@example.com,Spiritual & Wellness,Male,2,1,18,Medium
670,Tanvi,tanvi@example.com,Cultural & Food,Female,1,0,48,Medium
671,Dhruv,dhruv@example.com,Beaches & Relaxation,Male,2,2,49,Low
672,Riya,riya@example.com,Spiritual & Wellness,Female,2,0,18,Low
673,Anika,anika@example.com,City & Historical,Female,2,2,30,Low
674,Aarav,aarav@example.com,Cultural & Food,Male,1,1,30,Low
675,Saanvi,saanvi@example.com,Spiritual & Wellness,Female,2,0,18,Low
676,Karan,karan@example.com,Cultural & Food,Male,2,0,25,High
677,Vivaan,vivaan@example.com,Cultural & Food,Male,2,0,21,Low
678,Meera,meera@example.com,City & Historical,Female,2,2,56,Medium
679,Ishaan,ishaan@example.com,Nature & Adventure,Male,2,1,46,Low
680,Aditya,aditya@example.com,Spiritual & Wellness,Male,1,0,50,High
681,Aanya,aanya@example.com,City & Historical,Female,1,2,43,Low
682,Hitesh,hitesh@example.com,Cultural & Food,Male,2,0,21,Medium
683,Isha,isha@example.com,City & Historical,Female,1,0,28,High
684,Aditya,aditya@example.com,Nature & Adventure,Male,1,0,40,High
685,Aditya,aditya@example.com,Spiritual & Wellness,Male,1,0,20,Low
686,Ritvik,ritvik@example.com,Nature & Adventure,Male,2,2,43,High
687,Aanya,aanya@example.com,Beaches & Relaxation,Female,1,1,32,Medium
688,Kavya,kavya@example.com,Spiritual & Wellness,Female,2,1,30,Medium
689,Arjun,arjun@example.com,Nature & Adventure,Male,1,0,43,Low
690,Rohan,rohan@example.com,Cultural & Food,Male,2,2,40,Low
691,Isha,isha@example.com,Spiritual & Wellness,Female,1,1,30,Medium
692,Dhruv,dhruv@example.com,Spiritual & Wellness,Male,2,1,48,Medium
693,Aditya,aditya@example.com,City & Historical,Male,2,0,22,Medium
694,Anika,anika@example.com,Cultural & Food,Female,1,0,42,Medium
695,Tanvi,tanvi@example.com,Beaches & Relaxation,Female,2,2,42,Medium
696,Hitesh,hitesh@example.com,Nature & Adventure,Male,1,1,31,Low
697,Aditya,aditya@example.com,City & Historical,Male,1,0,38,Medium
698,Hitesh,hitesh@example.com,Nature & Adventure,Male,1,2,19,Low
699,Aditya,aditya@example.com,Beaches & Relaxation,Male,2,2,46,Medium
700,Aarav,aarav@example.com,Beaches & Relaxation,Male,1,2,32,Medium
701,Riya,riya@example.com,Spiritual & Wellness,Female,2,1,28,High
702,Aarav,aarav@example.com,Beaches & Relaxation,Male,1,1,47,Low
703,Vivaan,vivaan@example.com,Nature & Adventure,Male,2,1,26,Low
704,Aditya,aditya@example.com,Cultural & Food,Male,2,2,18,Low
705,Aanya,aanya@example.com,Cultural & Food,Female,1,2,18,Low
706,Kavya,kavya@example.com,Spiritual & Wellness,Female,2,0,42,Low
707,Pooja,pooja@example.com,Nature & Adventure,Female,2,0,19,High
708,Dhruv,dhruv@example.com,Nature & Adventure,Male,1,1,56,Low
709,Karan,karan@example.com,Beaches & Relaxation,Male,2,1,18,Low
710,Diya,diya@example.com,Nature & Adventure,Female,2,0,55,Medium
711,Hitesh,hitesh@example.com,City & Historical,Male,2,1,37,Medium
712,Diya,diya@example.com,Beaches & Relaxation,Female,2,0,33,Medium
713,Kavya,kavya@example.com,City & Historical,Female,2,0,28,Low
714,Ishaan,ishaan@example.com,Spiritual & Wellness,Male,1,0,39,Medium
715,Pooja,pooja@example.com,Cultural & Food,Female,1,2,34,Low
716,Pooja,pooja@example.com,Spiritual & Wellness,Female,2,1,48,Low
717,Kavya,kavya@example.com,Cultural & Food,Female,2,2,36,High
718,Rohan,rohan@example.com,Spiritual & Wellness,Male,2,1,36,Low
719,Riya,riya@example.com,Nature & Adventure,Female,2,2,30,Medium
720,Riya,riya@example.com,City & Historical,Female,1,1,34,Medium
721,Ritvik,ritvik@example.com,Cultural & Food,Male,2,1,38,Low
722,Pooja,pooja@example.com,Beaches & Relaxation,Female,1,0,18,High
723,Aanya,aanya@example.com,City & Historical,Female,1,2,18,Low
724,Kavya,kavya@example.com,Beaches & Relaxation,Female,2,2,43,Medium
725,Karan,karan@example.com,City & Historical,Male,1,1,37,High
726,Aditya,aditya@example.com,City & Historical,Male,2,2,32,Medium
727,Aanya,aanya@example.com,Spiritual & Wellness,Female,1,1,35,High
728,Kavya,kavya@example.com,Cultural & Food,Female,2,1,39,Low
729,Diya,diya@example.com,Cultural & Food,Female,2,0,28,Medium
730,Tanvi,tanvi@example.com,City & Historical,Female,1,1,25,Low
731,Isha,isha@example.com,Nature & Adventure,Female,2,2,37,Medium
732,Dhruv,dhruv@example.com,Nature & Adventure,Male,2,0,23,High
733,Kavya,kavya@example.com,Beaches & Relaxation,Female,1,1,39,Low
734,Ritvik,ritvik@example.com,Beaches & Relaxation,Male,2,0,18,Medium
735,Riya,riya@example.com,Spiritual & Wellness,Female,1,0,47,Low
736,Dhruv,dhruv@example.com,City & Historical,Male,1,1,40,Medium
737,Isha,isha@example.com,Beaches & Relaxation,Female,1,2,38,Medium
738,Anika,anika@example.com,Beaches & Relaxation,Female,1,1,46,High
739,Arjun,arjun@example.com,City & Historical,Male,2,1,54,Medium
740,Isha,isha@example.com,Spiritual & Wellness,Female,1,1,47,Low
741,Saanvi,saanvi@example.com,Beaches & Relaxation,Female,1,1,18,Low
742,Aanya,aanya@example.com,Spiritual & Wellness,Female,2,1,19,Low
743,Riya,riya@example.com,Cultural & Food,Female,1,2,27,Low
744,Aanya,aanya@example.com,Spiritual & Wellness,Female,1,0,35,Low
745,Saanvi,saanvi@example.com,Nature & Adventure,Female,1,2,41,High
746,Pooja,pooja@example.com,Nature & Adventure,Female,2,1,26,Medium
747,Isha,isha@example.com,Spiritual & Wellness,Female,1,0,37,Medium
748,Vivaan,vivaan@example.com,Nature & Adventure,Male,2,0,25,Low
749,Isha,isha@example.com,Cultural & Food,Female,1,0,27,High
750,Hitesh,hitesh@example.com,City & Historical,Male,1,2,18,Medium
751,Anika,anika@example.com,Nature & Adventure,Female,1,2,23,Low
752,Vivaan,vivaan@example.com,Nature & Adventure,Male,1,2,18,Medium
753,Riya,riya@example.com,Spiritual & Wellness,Female,2,1,23,Medium
754,Aditya,aditya@example.com,Cultural & Food,Male,2,2,47,Low
755,Arjun,arjun@example.com,City & Historical,Male,2,2,23,Medium
756,Arjun,arjun@example.com,Spiritual & Wellness,Male,1,2,66,Medium
757,Karan,karan@example.com,Spiritual & Wellness,Male,1,0,40,Low
758,Ishaan,ishaan@example.com,Cultural & Food,Male,2,0,37,High
759,Tanvi,tanvi@example.com,City & Historical,Female,2,1,24,High
760,Meera,meera@example.com,Cultural & Food,Female,1,0,43,Medium
761,Hitesh,hitesh@example.com,City & Historical,Male,2,1,28,Medium
762,Isha,isha@example.com,Cultural & Food,Female,2,0,36,Medium
763,Riya,riya@example.com,Spiritual & Wellness,Female,1,1,65,Medium
764,Riya,riya@example.com,Spiritual & Wellness,Female,2,1,33,Medium
765,Hitesh,hitesh@example.com,Beaches & Relaxation,Male,2,0,48,Low
766,Pooja,pooja@example.com,Nature & Adventure,Female,1,0,26,Medium
767,Meera,meera@example.com,Cultural & Food,Female,2,2,34,High
768,Anika,anika@example.com,Beaches & Relaxation,Female,1,2,56,Medium
769,Kavya,kavya@example.com,Nature & Adventure,Female,2,1,27,Low
770,Diya,diya@example.com,Cultural & Food,Female,2,1,56,Medium
771,Aditya,aditya@example.com,City & Historical,Male,1,1,43,Low
772,Ritvik,ritvik@example.com,Nature & Adventure,Male,1,0,28,Low
773,Arjun,arjun@example.com,Spiritual & Wellness,Male,1,0,42,Low
774,Rohan,rohan@example.com,Beaches & Relaxation,Male,1,2,46,Low
775,Hitesh,hitesh@example.com,Nature & Adventure,Male,2,0,42,Medium
776,Aarav,aarav@example.com,Nature & Adventure,Male,2,1,18,Medium
777,Vivaan,vivaan@example.com,Spiritual & Wellness,Male,1,2,26,Low
778,Anika,anika@example.com,Cultural & Food,Female,1,0,32,High
779,Diya,diya@example.com,City & Historical,Female,2,1,34,High
780,Meera,meera@example.com,Spiritual & Wellness,Female,2,0,42,High
781,Anika,anika@example.com,City & Historical,Female,1,0,37,Low
782,Aditya,aditya@example.com,Cultural & Food,Male,1,0,18,Medium
783,Karan,karan@example.com,Nature & Adventure,Male,1,1,39,High
784,Aarav,aarav@example.com,City & Historical,Male,2,1,42,Medium
785,Karan,karan@example.com,Beaches & Relaxation,Male,1,0,41,Low
786,Tanvi,tanvi@example.com,Beaches & Relaxation,Female,2,1,47,Low
787,Ishaan,ishaan@example.com,Spiritual & Wellness,Male,1,0,45,Medium
788,Saanvi,saanvi@example.com,Cultural & Food,Female,1,2,40,High
789,Ritvik,ritvik@example.com,Spiritual & Wellness,Male,2,1,34,Medium
790,Hitesh,hitesh@example.com,Spiritual & Wellness,Male,1,0,18,Medium
791,Ishaan,ishaan@example.com,Spiritual & Wellness,Male,1,0,40,Low
792,Hitesh,hitesh@example.com,Beaches & Relaxation,Male,1,0,37,Medium
793,Ritvik,ritvik@example.com,Beaches & Relaxation,Male,2,2,38,High
794,Meera,meera@example.com,Spiritual & Wellness,Female,2,1,19,Low
795,Karan,karan@example.com,Beaches & Relaxation,Male,1,0,22,Medium
796,Aanya,aanya@example.com,Cultural & Food,Female,1,0,47,High
797,Tanvi,tanvi@example.com,Spiritual & Wellness,Female,1,0,34,Low
798,Rohan,rohan@example.com,Beaches & Relaxation,Male,2,1,43,Medium
799,Riya,riya@example.com,City & Historical,Female,1,2,35,Low
800,Anika,anika@example.com,Spiritual & Wellness,Female,1,2,35,Medium
801,Isha,isha@example.com,Spiritual & Wellness,Female,2,0,46,Medium
802,Karan,karan@example.com,Cultural & Food,Male,1,0,28,Medium
803,Isha,isha@example.com,Nature & Adventure,Female,2,1,36,Medium
804,Tanvi,tanvi@example.com,Nature & Adventure,Female,1,0,29,Low
805,Ishaan,ishaan@example.com,Cultural & Food,Male,1,2,29,High
806,Vivaan,vivaan@example.com,Cultural & Food,Male,2,1,31,Medium
807,Kavya,kavya@example.com,Cultural & Food,Female,2,1,37,Low
808,Riya,riya@example.com,Nature & Adventure,Female,1,0,29,Medium
809,Rohan,rohan@example.com,Cultural & Food,Male,1,2,50,Medium
810,Pooja,pooja@example.com,Beaches & Relaxation,Female,2,1,24,Low
811,Rohan,rohan@example.com,Spiritual & Wellness,Male,2,1,32,High
812,Dhruv,dhruv@example.com,Spiritual & Wellness,Male,2,0,29,High
813,Aditya,aditya@example.com,City & Historical,Male,1,2,52,Low
814,Aditya,aditya@example.com,City & Historical,Male,1,2,37,High
815,Aarav,aarav@example.com,Spiritual & Wellness,Male,1,1,47,Low
816,Hitesh,hitesh@example.com,Beaches & Relaxation,Male,1,2,18,Low
817,Diya,diya@example.com,Nature & Adventure,Female,1,0,38,Low
818,Riya,riya@example.com,Nature & Adventure,Female,2,0,45,High
819,Meera,meera@example.com,Beaches & Relaxation,Female,1,1,35,Medium
820,Aarav,aarav@example.com,Nature & Adventure,Male,1,1,47,Low
821,Arjun,arjun@example.com,Cultural & Food,Male,1,2,28,Medium
822,Saanvi,saanvi@example.com,Spiritual & Wellness,Female,1,0,51,Medium
823,Pooja,pooja@example.com,Spiritual & Wellness,Female,1,2,62,Low
824,Ishaan,ishaan@example.com,Beaches & Relaxation,Male,2,2,30,High
825,Riya,riya@example.com,Nature & Adventure,Female,2,1,29,High
826,Diya,diya@example.com,City & Historical,Female,2,0,52,Medium
827,Rohan,rohan@example.com,City & Historical,Male,2,0,53,High
828,Pooja,pooja@example.com,Nature & Adventure,Female,2,2,28,Medium
829,Kavya,kavya@example.com,City & Historical,Female,1,0,29,High
830,Arjun,arjun@example.com,Beaches & Relaxation,Male,1,0,31,Medium
831,Pooja,pooja@example.com,Beaches & Relaxation,Female,2,2,18,Medium
832,Meera,meera@example.com,Nature & Adventure,Female,2,1,23,Low
833,Kavya,kavya@example.com,City & Historical,Female,2,1,22,High
834,Vivaan,vivaan@example.com,Beaches & Relaxation,Male,2,1,25,Medium
835,Meera,meera@example.com,Beaches & Relaxation,Female,2,2,34,Low
836,Pooja,pooja@example.com,Cultural & Food,Female,2,0,37,Low
837,Meera,meera@example.com,Cultural & Food,Female,2,2,53,Medium
838,Saanvi,saanvi@example.com,Beaches & Relaxation,Female,2,2,23,Medium
839,Kavya,kavya@example.com,Nature & Adventure,Female,1,1,46,Medium
840,Diya,diya@example.com,Spiritual & Wellness,Female,1,0,32,High
841,Saanvi,saanvi@example.com,Spiritual & Wellness,Female,1,1,34,Low
842,Ishaan,ishaan@example.com,Beaches & Relaxation,Male,2,0,43,Medium
843,Dhruv,dhruv@example.com,Beaches & Relaxation,Male,2,0,21,Low
844,Aditya,aditya@example.com,Beaches & Relaxation,Male,2,1,39,High
845,Anika,anika@example.com,Nature & Adventure,Female,2,1,36,High
846,Vivaan,vivaan@example.com,Cultural & Food,Male,1,2,40,Medium
847,Kavya,kavya@example.com,Beaches & Relaxation,Female,1,0,38,Medium
848,Riya,riya@example.com,Beaches & Relaxation,Female,2,0,64,Low
849,Tanvi,tanvi@example.com,City & Historical,Female,1,0,27,Medium
850,Hitesh,hitesh@example.com,Nature & Adventure,Male,2,0,28,High
851,Anika,anika@example.com,Beaches & Relaxation,Female,2,0,27,Medium
852,Dhruv,dhruv@example.com,City & Historical,Male,2,2,28,Low
853,Vivaan,vivaan@example.com,Spiritual & Wellness,Male,2,0,27,Medium
854,Meera,meera@example.com,Beaches & Relaxation,Female,2,2,49,High
855,Pooja,pooja@example.com,Beaches & Relaxation,Female,1,1,52,Low
856,Aanya,aanya@example.com,City & Historical,Female,1,2,28,Low
857,Hitesh,hitesh@example.com,Nature & Adventure,Male,1,2,25,Medium
858,Rohan,rohan@example.com,Beaches & Relaxation,Male,1,2,40,High
859,Dhruv,dhruv@example.com,Spiritual & Wellness,Male,2,1,28,Low
860,Vivaan,vivaan@example.com,Beaches & Relaxation,Male,1,0,42,Low
861,Dhruv,dhruv@example.com,Spiritual & Wellness,Male,1,2,37,Low
862,Arjun,arjun@example.com,Cultural & Food,Male,1,1,18,Low
863,Aarav,aarav@example.com,Cultural & Food,Male,1,2,53,Medium
864,Riya,riya@example.com,Spiritual & Wellness,Female,2,2,56,Medium
865,Aditya,aditya@example.com,Nature & Adventure,Male,2,1,27,Medium
866,Ritvik,ritvik@example.com,Beaches & Relaxation,Male,2,2,30,Medium
867,Vivaan,vivaan@example.com,Beaches & Relaxation,Male,2,2,38,Low
868,Pooja,pooja@example.com,Cultural & Food,Female,2,0,39,High
869,Karan,karan@example.com,Spiritual & Wellness,Male,1,1,42,Medium
870,Diya,diya@example.com,Beaches & Relaxation,Female,2,2,59,High
871,Arjun,arjun@example.com,Beaches & Relaxation,Male,1,1,32,Medium
872,Hitesh,hitesh@example.com,Nature & Adventure,Male,1,1,25,Low
873,Anika,anika@example.com,City & Historical,Female,2,0,18,Medium
874,Hitesh,hitesh@example.com,Cultural & Food,Male,2,0,26,Low
875,Hitesh,hitesh@example.com,Cultural & Food,Male,2,0,34,Medium
876,Ritvik,ritvik@example.com,City & Historical,Male,2,2,56,Low
877,Aanya,aanya@example.com,Beaches & Relaxation,Female,2,2,28,Low
878,Meera,meera@example.com,Nature & Adventure,Female,1,2,37,High
879,Anika,anika@example.com,Nature & Adventure,Female,1,2,34,Low
880,Ritvik,ritvik@example.com,Cultural & Food,Male,2,2,49,High
881,Rohan,rohan@example.com,Nature & Adventure,Male,1,2,65,Low
882,Vivaan,vivaan@example.com,City & Historical,Male,1,1,28,Medium
883,Aanya,aanya@example.com,Beaches & Relaxation,Female,2,1,29,Medium
884,Ritvik,ritvik@example.com,City & Historical,Male,2,0,47,Medium
885,Hitesh,hitesh@example.com,Spiritual & Wellness,Male,2,2,43,Low
886,Ritvik,ritvik@example.com,Cultural & Food,Male,1,1,57,Low
887,Pooja,pooja@example.com,Nature & Adventure,Female,1,0,42,Low
888,Riya,riya@example.com,Spiritual & Wellness,Female,2,0,30,Low
889,Karan,karan@example.com,Nature & Adventure,Male,2,0,42,Medium
890,Ishaan,ishaan@example.com,Beaches & Relaxation,Male,1,0,48,High
891,Karan,karan@example.com,Beaches & Relaxation,Male,1,1,44,High
892,Anika,anika@example.com,Beaches & Relaxation,Female,1,1,41,Medium
893,Ishaan,ishaan@example.com,Nature & Adventure,Male,2,1,47,Medium
894,Isha,isha@example.com,Spiritual & Wellness,Female,2,0,49,Medium
895,Saanvi,saanvi@example.com,Beaches & Relaxation,Female,1,0,51,Low
896,Diya,diya@example.com,Spiritual & Wellness,Female,2,2,42,High
897,Pooja,pooja@example.com,Nature & Adventure,Female,1,2,32,Medium
898,Pooja,pooja@example.com,Spiritual & Wellness,Female,2,0,36,Medium
899,Anika,anika@example.com,Nature & Adventure,Female,1,1,49,Low
900,Aanya,aanya@example.com,Nature & Adventure,Female,2,0,25,Medium
901,Aanya,aanya@example.com,Cultural & Food,Female,2,2,39,Medium
902,Anika,anika@example.com,Nature & Adventure,Female,2,2,30,High
903,Hitesh,hitesh@example.com,Nature & Adventure,Male,2,1,35,Medium
904,Rohan,rohan@example.com,City & Historical,Male,1,0,50,Low
905,Anika,anika@example.com,Beaches & Relaxation,Female,1,2,37,High
906,Arjun,arjun@example.com,Cultural & Food,Male,1,1,35,Low
907,Saanvi,saanvi@example.com,Cultural & Food,Female,2,2,18,Medium
908,Anika,anika@example.com,Cultural & Food,Female,2,1,43,Low
909,Karan,karan@example.com,City & Historical,Male,2,2,42,Medium
910,Arjun,arjun@example.com,Nature & Adventure,Male,2,2,60,High
911,Riya,riya@example.com,Beaches & Relaxation,Female,1,0,31,Low
912,Aarav,aarav@example.com,Spiritual & Wellness,Male,1,1,37,High
913,Dhruv,dhruv@example.com,Nature & Adventure,Male,1,1,37,Low
914,Dhruv,dhruv@example.com,City & Historical,Male,1,2,53,High
915,Ishaan,ishaan@example.com,Nature & Adventure,Male,1,0,33,Medium
916,Pooja,pooja@example.com,Nature & Adventure,Female,1,2,38,High
917,Anika,anika@example.com,City & Historical,Female,2,2,42,Low
918,Aditya,aditya@example.com,Cultural & Food,Male,2,2,37,High
919,Aanya,aanya@example.com,Cultural & Food,Female,1,1,29,Medium
920,Riya,riya@example.com,Beaches & Relaxation,Female,2,0,37,Low
921,Dhruv,dhruv@example.com,Beaches & Relaxation,Male,1,2,47,High
922,Karan,karan@example.com,Cultural & Food,Male,1,2,22,Low
923,Isha,isha@example.com,Spiritual & Wellness,Female,2,2,36,High
924,Tanvi,tanvi@example.com,Nature & Adventure,Female,1,1,26,Low
925,Ritvik,ritvik@example.com,Spiritual & Wellness,Male,2,2,49,Medium
926,Aanya,aanya@example.com,Nature & Adventure,Female,1,1,18,Medium
927,Ishaan,ishaan@example.com,Cultural & Food,Male,1,1,28,Low
928,Riya,riya@example.com,Beaches & Relaxation,Female,1,1,39,Low
929,Aarav,aarav@example.com,Beaches & Relaxation,Male,1,1,53,Low
930,Aarav,aarav@example.com,Spiritual & Wellness,Male,2,1,34,Medium
931,Arjun,arjun@example.com,Beaches & Relaxation,Male,1,0,28,Low
932,Tanvi,tanvi@example.com,Cultural & Food,Female,1,1,57,Medium
933,Vivaan,vivaan@example.com,Spiritual & Wellness,Male,2,1,18,Low
934,Saanvi,saanvi@example.com,Nature & Adventure,Female,2,2,18,Low
935,Anika,anika@example.com,Beaches & Relaxation,Female,1,0,40,Medium
936,Aditya,aditya@example.com,City & Historical,Male,1,0,28,Low
937,Riya,riya@example.com,Beaches & Relaxation,Female,2,2,22,High
938,Anika,anika@example.com,Nature & Adventure,Female,1,1,43,High
939,Anika,anika@example.com,Spiritual & Wellness,Female,2,0,37,Medium
940,Anika,anika@example.com,Nature & Adventure,Female,1,1,28,Medium
941,Aditya,aditya@example.com,City & Historical,Male,2,2,19,High
942,Vivaan,vivaan@example.com,Cultural & Food,Male,1,0,45,Low
943,Hitesh,hitesh@example.com,Beaches & Relaxation,Male,2,1,42,Low
944,Riya,riya@example.com,Spiritual & Wellness,Female,2,0,33,Low
945,Dhruv,dhruv@example.com,Cultural & Food,Male,2,0,57,Medium
946,Aarav,aarav@example.com,Nature & Adventure,Male,1,1,22,Low
947,Pooja,pooja@example.com,Spiritual & Wellness,Female,2,1,18,Medium
948,Hitesh,hitesh@example.com,Cultural & Food,Male,1,0,26,High
949,Riya,riya@example.com,Spiritual & Wellness,Female,2,2,34,High
950,Aarav,aarav@example.com,City & Historical,Male,2,0,37,Medium
951,Karan,karan@example.com,City & Historical,Male,1,2,32,Low
952,Saanvi,saanvi@example.com,Beaches & Relaxation,Female,1,0,39,High
953,Riya,riya@example.com,Beaches & Relaxation,Female,1,1,19,Medium
954,Vivaan,vivaan@example.com,City & Historical,Male,2,2,52,Low
955,Aanya,aanya@example.com,Spiritual & Wellness,Female,2,2,34,Low
956,Hitesh,hitesh@example.com,City & Historical,Male,1,0,48,High
957,Saanvi,saanvi@example.com,Beaches & Relaxation,Female,1,0,39,Medium
958,Aarav,aarav@example.com,City & Historical,Male,1,2,40,High
959,Ritvik,ritvik@example.com,City & Historical,Male,1,1,41,High
960,Ritvik,ritvik@example.com,Spiritual & Wellness,Male,1,2,40,Medium
961,Isha,isha@example.com,Cultural & Food,Female,1,2,42,Medium
962,Saanvi,saanvi@example.com,Beaches & Relaxation,Female,2,1,50,Medium
963,Ritvik,ritvik@example.com,Spiritual & Wellness,Male,1,1,37,Low
964,Saanvi,saanvi@example.com,City & Historical,Female,1,0,43,Medium
965,Hitesh,hitesh@example.com,City & Historical,Male,1,0,33,Medium
966,Riya,riya@example.com,Cultural & Food,Female,1,0,52,Medium
967,Pooja,pooja@example.com,Beaches & Relaxation,Female,2,1,26,High
968,Diya,diya@example.com,Beaches & Relaxation,Female,1,2,56,Medium
969,Aditya,aditya@example.com,Nature & Adventure,Male,1,1,34,Medium
970,Tanvi,tanvi@example.com,Beaches & Relaxation,Female,1,0,18,Medium
971,Diya,diya@example.com,Cultural & Food,Female,2,2,36,Medium
972,Kavya,kavya@example.com,Nature & Adventure,Female,2,0,26,Medium
973,Kavya,kavya@example.com,Nature & Adventure,Female,1,2,45,Low
974,Vivaan,vivaan@example.com,City & Historical,Male,2,1,27,Medium
975,Tanvi,tanvi@example.com,City & Historical,Female,1,0,29,Low
976,Aditya,aditya@example.com,Beaches & Relaxation,Male,1,1,18,Low
977,Vivaan,vivaan@example.com,Nature & Adventure,Male,1,1,29,Medium
978,Pooja,pooja@example.com,City & Historical,Female,2,1,18,Medium
979,Rohan,rohan@example.com,Cultural & Food,Male,1,2,18,High
980,Kavya,kavya@example.com,City & Historical,Female,1,1,44,Medium
981,Dhruv,dhruv@example.com,City & Historical,Male,1,1,44,Medium
982,Meera,meera@example.com,Nature & Adventure,Female,2,2,40,Medium
983,Karan,karan@example.com,Nature & Adventure,Male,2,1,23,Medium
984,Dhruv,dhruv@example.com,Spiritual & Wellness,Male,2,1,34,Low
985,Aditya,aditya@example.com,Cultural & Food,Male,1,1,34,Low
986,Aanya,aanya@example.com,Nature & Adventure,Female,1,2,21,Low
987,Meera,meera@example.com,Beaches & Relaxation,Female,2,2,53,Medium
988,Dhruv,dhruv@example.com,Cultural & Food,Male,1,0,45,Low
989,Ritvik,ritvik@example.com,Cultural & Food,Male,2,1,32,Low
990,Diya,diya@example.com,Nature & Adventure,Female,2,2,35,Low
991,Tanvi,tanvi@example.com,Cultural & Food,Female,1,1,37,High
992,Karan,karan@example.com,Nature & Adventure,Male,1,2,18,Low
993,Ritvik,ritvik@example.com,City & Historical,Male,1,2,32,Medium
994,Ishaan,ishaan@example.com,Spiritual & Wellness,Male,1,2,26,Low
995,Karan,karan@example.com,City & Historical,Male,1,0,22,Medium
996,Dhruv,dhruv@example.com,Nature & Adventure,Male,1,1,31,Low
997,Karan,karan@example.com,Nature & Adventure,Male,1,2,56,Low
998,Aditya,aditya@example.com,City & Historical,Male,1,1,42,Medium
999,Hitesh,hitesh@example.com,Beaches & Relaxation,Male,2,2,28,Low
